"Axis","Df","Variance","F_value","P_value"
"Axis 1",1,0.0366868499490984,126.72212183843,0.001
"Axis 2",1,0.00181408330619342,6.26612767439726,0.317
"Axis 3",1,0.000766818956485884,2.64871269587457,0.852
"Axis 4",1,8.97594010448937e-05,0.310043020077691,1
"Axis 5",1,5.90371168660406e-06,0.0203923441965393,1
"Residual",117,0.033872234632539,NA,NA
